EST_PT_1	EST_PT_2	SAMPLE_1	SAMPLE_2	PARAM_1	PARAM_2	PARAM_3	TVAL_1	TVAL_2	TVAL_3	PVAL_1	PVAL_2	PVAL_3	TARGET	PREDICT
378906.830000	17310.410000	0.126000	2.865000	22.225414	2.043402	-3.473568	5.836374	6.459465	-2.763535	0.000000	0.000000	0.006128	189.000000	5.181180
334095.210000	25283.200000	0.107000	3.401000	17.561397	-0.091385	2.658454	3.248589	-0.536878	8.063063	0.001313	0.591812	0.000000	95.000000	4.226724
378200.190000	-877.050000	0.106000	1.724000	21.278055	-0.608126	2.998732	4.862746	-3.086847	5.553250	0.000002	0.002243	0.000000	70.000000	4.205797
357191.030000	29064.390000	0.075000	1.829000	9.594223	-2.027255	6.719125	3.379605	-2.133654	3.836437	0.000838	0.033811	0.000157	48.000000	3.730843
358056.340000	10824.730000	0.075000	1.961000	8.707718	-0.317101	3.955114	3.698802	-1.278142	7.343342	0.000264	0.202344	0.000000	65.000000	3.986358
366747.610000	-3073.120000	0.140000	2.636000	24.076659	1.207415	-1.627775	9.558065	4.246504	-1.798370	0.000000	0.000030	0.073283	107.000000	4.925704
351099.270000	11800.350000	0.066000	1.603000	16.920401	0.064565	2.732455	4.546039	0.330343	7.759972	0.000008	0.741408	0.000000	65.000000	3.952698
377929.980000	4635.100000	0.130000	2.438000	17.238555	-0.166299	2.493764	3.276381	-0.705325	3.764262	0.001195	0.481242	0.000207	76.000000	4.329339
367529.910000	20192.510000	0.227000	1.783000	16.100782	1.340431	-0.790768	6.888980	3.469530	-0.708556	0.000000	0.000611	0.479237	192.000000	5.254098
389231.470000	3489.350000	0.075000	2.081000	20.806265	-0.298213	2.335777	3.800766	-0.794255	3.047941	0.000180	0.427774	0.002543	27.000000	3.275667
389427.640000	9290.100000	0.088000	2.589000	24.343496	-0.157540	1.681457	3.617781	-0.383477	2.169032	0.000357	0.701680	0.030990	28.000000	3.415813
381089.820000	9125.810000	0.124000	2.661000	18.360758	0.788188	0.051369	3.392362	2.316959	0.052105	0.000801	0.021286	0.958485	63.000000	4.425470
371082.660000	6843.900000	0.113000	2.080000	15.947605	0.741289	0.384241	5.019520	2.525032	0.422683	0.000001	0.012166	0.672877	34.000000	3.728202
388281.840000	-1760.780000	0.062000	2.509000	18.562191	-0.790612	3.620546	3.869268	-2.306528	4.939186	0.000138	0.021871	0.000001	17.000000	2.787755
386771.660000	-4857.110000	0.055000	1.824000	18.559371	-1.118525	4.320106	4.310856	-3.484094	6.710225	0.000023	0.000580	0.000000	25.000000	3.300682
397029.930000	4912.150000	0.070000	1.725000	-4.479172	0.696140	2.030425	-0.285871	1.566940	1.571602	0.775206	0.118350	0.117264	17.000000	2.917724
399583.280000	1217.510000	0.062000	2.261000	-2.112306	0.828018	1.632582	-0.082966	1.387582	0.675196	0.933943	0.166457	0.500154	31.000000	3.373769
389413.790000	18915.590000	0.069000	1.450000	32.709644	-0.090784	1.114823	3.417045	-0.221794	2.285642	0.000735	0.824649	0.023084	27.000000	3.240152
374811.310000	23395.200000	0.098000	1.997000	26.571552	2.460130	-5.161489	8.888154	8.265706	-4.508987	0.000000	0.000000	0.000010	10.000000	2.355402
366291.010000	3851.090000	0.076000	2.704000	18.828379	0.859395	-0.164553	7.303346	3.141117	-0.203530	0.000000	0.001878	0.838880	42.000000	3.590207
362053.670000	7027.250000	0.075000	2.479000	11.710615	0.049350	2.636398	4.373705	0.177719	3.400818	0.000018	0.859082	0.000778	20.000000	3.637033
350567.450000	26456.280000	0.048000	1.784000	-0.885979	0.212739	3.380107	-0.102723	0.588788	4.081698	0.918262	0.556517	0.000060	40.000000	3.717107
356783.590000	23682.890000	0.066000	1.983000	10.185017	-1.687205	5.954882	6.067709	-2.935732	5.804908	0.000000	0.003627	0.000000	15.000000	3.281365
356225.470000	19763.980000	0.063000	1.677000	9.937566	-1.068253	4.928422	5.950169	-2.203304	5.827808	0.000000	0.028454	0.000000	47.000000	3.763029
338360.540000	25697.560000	0.066000	1.782000	12.449837	-0.137982	3.409860	2.141542	-0.723285	11.872225	0.033164	0.470157	0.000000	68.000000	3.985666
337846.310000	18213.380000	0.064000	2.416000	10.966547	0.021598	2.833781	2.677773	0.130355	8.127968	0.007885	0.896387	0.000000	17.000000	3.587821
344074.130000	27136.920000	0.050000	2.250000	6.522084	0.092767	3.390529	0.956721	0.393276	8.535260	0.339600	0.694440	0.000000	57.000000	3.925359
349087.820000	19336.470000	0.057000	1.458000	10.357371	-0.066403	3.271878	1.418153	-0.298866	6.541929	0.157348	0.765282	0.000000	40.000000	3.765433
343402.570000	18620.670000	0.064000	2.265000	11.764137	-0.105915	3.236726	2.078698	-0.567807	9.695017	0.038630	0.570658	0.000000	47.000000	3.749734
359036.480000	1198.740000	0.129000	2.010000	23.431827	1.798584	-2.646688	9.147398	8.598074	-4.297375	0.000000	0.000000	0.000024	49.000000	3.991170
370771.990000	-1522.120000	0.107000	2.752000	19.965431	0.063567	1.667502	7.722921	0.290193	2.490894	0.000000	0.771901	0.013369	49.000000	3.978739
376842.130000	-7139.160000	0.106000	2.667000	21.688010	-0.563307	2.651451	6.392604	-2.375782	3.842360	0.000000	0.018240	0.000153	27.000000	3.448041
318049.530000	32744.590000	0.088000	2.725000	33.750604	0.956826	-0.860217	3.331922	2.940991	-1.433386	0.000988	0.003568	0.152953	120.000000	4.717186
325761.210000	31092.210000	0.054000	1.680000	36.537259	-0.204475	1.532524	4.712080	-0.837111	3.591798	0.000004	0.403302	0.000393	28.000000	3.162018
318112.240000	28405.620000	0.062000	1.617000	34.646411	0.872530	-0.754154	5.377110	3.652788	-1.482562	0.000000	0.000314	0.139407	16.000000	2.804805
310480.100000	28809.030000	0.062000	2.226000	35.781793	1.175374	-1.852271	6.081691	3.517304	-3.137508	0.000000	0.000515	0.001901	14.000000	2.982584
306513.970000	32751.480000	0.096000	2.421000	36.924370	0.363775	-0.226897	4.257400	0.825868	-0.308042	0.000029	0.409639	0.758298	43.000000	4.198541
311395.510000	33538.420000	0.070000	2.222000	22.542135	1.638062	-1.878631	2.873496	4.024137	-2.394189	0.004396	0.000075	0.017369	29.000000	3.339092
314408.340000	-4572.950000	0.126000	2.507000	31.388967	-0.531169	2.731230	11.381483	-4.679631	7.618975	0.000000	0.000005	0.000000	401.000000	5.354599
303850.220000	22478.000000	0.110000	2.740000	46.943250	1.114975	-2.986959	8.285132	4.254966	-4.883583	0.000000	0.000029	0.000002	210.000000	5.231829
337540.250000	-12310.610000	0.098000	2.718000	2.465387	-0.024729	5.781634	3.026661	-0.410988	28.549733	0.002722	0.681421	0.000000	711.000000	5.956030
330948.960000	-8687.590000	0.149000	2.674000	0.462310	-1.439344	9.777588	0.402572	-15.082354	30.190265	0.687595	0.000000	0.000000	544.000000	5.997666
327143.990000	-3103.010000	0.129000	2.645000	15.990559	-0.833809	5.842978	8.538285	-6.551197	18.285619	0.000000	0.000000	0.000000	557.000000	5.700336
312830.720000	21412.100000	0.099000	2.430000	15.508985	2.347853	-2.717257	3.450090	8.868469	-4.777718	0.000654	0.000000	0.000003	132.000000	4.523415
312874.140000	-17053.630000	0.157000	2.800000	9.189114	-0.340657	4.827918	8.784130	-3.943979	17.594596	0.000000	0.000103	0.000000	395.000000	5.316768
293680.380000	-8010.100000	0.120000	2.828000	7.204833	0.257254	2.766736	2.874829	0.920065	3.736978	0.004378	0.358395	0.000229	97.000000	4.358831
325185.110000	20460.450000	0.095000	2.115000	32.765850	-0.707459	2.628912	6.204704	-3.496472	7.452999	0.000000	0.000555	0.000000	91.000000	4.245391
305971.310000	8472.000000	0.117000	2.394000	11.318061	0.848439	0.663590	4.285798	2.807988	0.831021	0.000026	0.005365	0.406727	97.000000	4.018966
335330.500000	-108.190000	0.099000	3.026000	19.896761	0.745187	1.038853	10.444426	5.456431	2.235047	0.000000	0.000000	0.026267	148.000000	5.263568
339115.660000	3202.050000	0.107000	2.994000	26.922264	1.400979	-1.658159	7.704517	10.885412	-3.247035	0.000000	0.000000	0.001320	269.000000	5.417053
309271.130000	-10589.170000	0.133000	2.589000	21.310573	-0.296982	3.105561	9.317621	-2.039578	7.850036	0.000000	0.042407	0.000000	183.000000	5.170980
319972.620000	24634.350000	0.089000	2.330000	29.702611	0.467320	0.531540	5.483627	2.081027	1.209272	0.000000	0.038414	0.227661	86.000000	4.263927
317013.430000	12374.140000	0.113000	2.577000	15.885447	1.187611	-0.335674	3.608058	4.231614	-0.633552	0.000370	0.000032	0.526932	86.000000	4.519855
323345.930000	2314.460000	0.113000	2.759000	26.447416	0.830917	-0.094761	9.078207	5.603826	-0.253073	0.000000	0.000000	0.800412	244.000000	5.186296
327610.550000	-7504.020000	0.152000	2.936000	10.239074	-1.371074	8.061989	6.500594	-12.653391	25.059777	0.000000	0.000000	0.000000	120.000000	5.592854
343813.290000	-11626.170000	0.091000	2.712000	11.924003	1.030909	1.696622	11.695269	19.006971	8.435474	0.000000	0.000000	0.000000	297.000000	5.577531
342508.850000	-4698.160000	0.103000	2.758000	17.874982	0.962050	1.101614	10.126768	8.267464	3.123094	0.000000	0.000000	0.001993	393.000000	5.596072
333426.780000	-13559.300000	0.132000	3.357000	1.983841	-0.379406	6.766665	2.411224	-6.045713	29.366419	0.016596	0.000000	0.000000	103.000000	5.754865
330824.950000	-14794.450000	0.098000	3.456000	5.739863	-0.173112	5.523392	6.275719	-2.797085	22.675046	0.000000	0.005543	0.000000	136.000000	5.487625
304617.970000	-15261.450000	0.137000	2.886000	17.259339	0.177081	2.141809	9.374095	1.556653	4.694372	0.000000	0.120774	0.000004	160.000000	5.017394
338062.780000	-13156.470000	0.076000	3.045000	2.157752	0.193339	5.186757	2.767019	3.493083	27.489909	0.006065	0.000561	0.000000	102.000000	5.939463
325419.580000	-15527.500000	0.126000	3.041000	12.605323	-0.312407	4.532015	12.010109	-4.312234	19.559979	0.000000	0.000023	0.000000	142.000000	5.170256
324052.620000	-12510.900000	0.135000	3.130000	17.093601	-0.621568	4.655959	11.697199	-6.787791	17.879769	0.000000	0.000000	0.000000	83.000000	5.018088
327521.880000	-17674.680000	0.144000	2.770000	9.576086	-0.050977	4.471366	11.816035	-0.952627	22.934612	0.000000	0.341667	0.000000	78.000000	5.709117
322114.340000	-17894.350000	0.122000	2.516000	10.083851	-0.490701	5.192249	10.676425	-6.468491	24.241482	0.000000	0.000000	0.000000	201.000000	5.187874
320355.210000	5840.480000	0.110000	2.539000	23.242354	1.380405	-1.340628	4.870399	6.761511	-2.664536	0.000002	0.000000	0.008193	87.000000	4.720879
330341.070000	12925.790000	0.123000	2.809000	18.113223	-0.189489	2.668719	5.049738	-1.295161	6.964264	0.000001	0.196418	0.000000	89.000000	4.364370
318527.160000	8318.240000	0.115000	2.399000	17.947583	1.358714	-0.843887	3.673445	5.297481	-1.592641	0.000291	0.000000	0.112460	80.000000	4.479640
347297.260000	-13547.710000	0.060000	3.229000	16.415353	1.305838	0.415581	16.873585	25.453670	1.980684	0.000000	0.000000	0.048685	105.000000	5.617052
321375.580000	-10594.120000	0.109000	2.479000	23.171552	-0.863873	4.440994	12.949972	-8.130689	16.771263	0.000000	0.000000	0.000000	114.000000	4.825152
318675.190000	-8454.470000	0.126000	3.459000	29.825496	-1.041866	4.158773	14.344190	-9.304651	14.771660	0.000000	0.000000	0.000000	101.000000	4.312970
350174.040000	-12060.870000	0.091000	2.388000	18.296841	1.402080	-0.145623	16.748281	21.439619	-0.545429	0.000000	0.000000	0.585928	181.000000	4.867557
329442.540000	5939.520000	0.126000	2.424000	24.163629	0.950308	-0.515749	7.765395	6.919299	-1.097822	0.000000	0.000000	0.273302	82.000000	4.832415
307098.940000	992.680000	0.121000	2.431000	-6.228823	1.729964	1.042523	-2.396781	7.093122	1.871480	0.017249	0.000000	0.062406	93.000000	4.494379
337247.610000	14030.910000	0.094000	3.416000	12.893685	0.148150	2.351195	3.888277	1.088486	5.978527	0.000128	0.277393	0.000000	67.000000	4.069283
306612.950000	-2173.790000	0.132000	2.304000	-10.101590	1.605903	1.956764	-3.688347	7.877566	4.023097	0.000275	0.000000	0.000075	55.000000	4.323354
301727.000000	-6640.870000	0.113000	2.324000	-4.011631	1.057086	2.299820	-1.636037	4.561670	4.259322	0.103047	0.000008	0.000029	68.000000	4.303175
326724.180000	5478.100000	0.103000	2.164000	24.926456	1.145543	-0.979135	7.858147	7.681159	-2.191465	0.000000	0.000000	0.029309	47.000000	4.067246
311503.390000	15708.660000	0.117000	2.083000	19.957132	2.113101	-2.971055	4.836399	8.103511	-4.259703	0.000002	0.000000	0.000029	33.000000	3.765519
316934.080000	-10632.090000	0.108000	2.695000	25.998215	-0.885282	4.088066	15.187360	-8.154059	15.444591	0.000000	0.000000	0.000000	43.000000	4.510038
317980.710000	-13171.590000	0.104000	2.308000	19.655174	-0.671962	4.225707	14.090875	-6.837717	17.567599	0.000000	0.000000	0.000000	52.000000	4.718957
298790.590000	-2464.080000	0.181000	2.833000	-4.578366	1.539602	0.839278	-1.824979	5.358776	1.455376	0.069156	0.000000	0.146776	75.000000	4.372286
294903.640000	214.570000	0.100000	2.113000	2.317582	1.320512	0.211823	0.887973	4.271230	0.339386	0.375379	0.000027	0.734594	33.000000	3.233822
284950.610000	-7897.720000	0.084000	2.895000	31.879380	-0.443396	1.416976	6.286934	-0.683253	0.692225	0.000000	0.495058	0.489416	11.000000	2.811212
302616.140000	12642.650000	0.087000	2.735000	20.676220	1.038853	-0.958453	6.422329	3.601857	-1.138019	0.000000	0.000379	0.256164	23.000000	3.681640
298937.620000	11074.430000	0.108000	2.480000	12.035743	0.767599	0.431866	3.668597	3.026517	0.602827	0.000296	0.002723	0.547151	43.000000	3.635371
292980.660000	10621.270000	0.107000	2.887000	12.044372	0.926305	-0.114362	2.580085	3.763191	-0.165635	0.010429	0.000208	0.868574	46.000000	3.848627
291341.640000	3602.460000	0.081000	2.289000	8.824983	0.929198	0.196054	2.634211	2.714141	0.264425	0.008941	0.007091	0.791663	19.000000	3.037812
296052.780000	6812.780000	0.080000	1.858000	6.244525	1.038065	0.252275	2.205839	4.128972	0.403738	0.028274	0.000049	0.686739	11.000000	2.680561
314476.950000	3490.040000	0.085000	1.730000	25.693251	0.909450	-0.436806	7.168274	4.987989	-0.954196	0.000000	0.000001	0.340874	30.000000	3.320468
311673.480000	10101.080000	0.078000	2.360000	21.009531	1.389668	-1.462207	5.848332	4.610341	-1.940072	0.000000	0.000006	0.053456	27.000000	3.456152
300937.580000	3470.020000	0.156000	2.262000	-0.631907	1.352233	0.663236	-0.272377	4.924678	1.083818	0.785549	0.000002	0.279454	18.000000	3.623409
286991.930000	9571.270000	0.071000	2.323000	19.758854	1.206847	-1.721891	2.463575	3.068268	-1.721166	0.014407	0.002382	0.086415	7.000000	2.484494
307386.120000	16090.180000	0.080000	1.973000	34.342518	2.133597	-4.643945	8.252947	8.324698	-5.754162	0.000000	0.000000	0.000000	7.000000	2.313043
300604.960000	17843.820000	0.086000	2.527000	40.556749	1.096841	-2.736807	9.689201	4.246606	-3.683162	0.000000	0.000030	0.000280	15.000000	3.522790
303917.550000	29223.910000	0.081000	1.844000	55.328295	0.038082	-1.028105	5.637876	0.093433	-1.921504	0.000000	0.925632	0.055766	44.000000	3.523711
296097.200000	19299.560000	0.073000	1.749000	43.031822	0.187703	-0.663372	7.415682	0.780036	-1.138696	0.000000	0.436082	0.255882	25.000000	2.806243
291327.940000	19385.450000	0.074000	2.012000	28.210764	0.406145	0.026912	2.709307	1.559361	0.037987	0.007192	0.120132	0.969727	15.000000	2.931672
288651.190000	16782.210000	0.091000	3.125000	17.760595	0.750312	-0.068544	1.628001	2.635570	-0.084110	0.104740	0.008906	0.933034	53.000000	3.892396
321850.110000	16542.180000	0.066000	1.794000	27.869837	-0.352146	2.170328	5.803716	-1.407557	5.883159	0.000000	0.160461	0.000000	24.000000	3.377988
309623.170000	24691.810000	0.062000	1.775000	29.642459	1.688627	-2.521337	5.855310	6.041109	-4.775075	0.000000	0.000000	0.000003	7.000000	2.313808
317273.810000	16350.360000	0.066000	1.957000	12.006344	1.252178	-0.014409	2.746518	4.632357	-0.030598	0.006446	0.000006	0.975614	13.000000	3.228522
330127.650000	26472.360000	0.070000	2.779000	27.987588	-0.206648	1.951734	5.024607	-1.226159	5.146420	0.000001	0.221253	0.000001	18.000000	3.336592
330024.300000	22050.130000	0.086000	2.115000	22.491711	-0.251382	2.432509	4.773160	-1.629375	6.790316	0.000003	0.104449	0.000000	24.000000	3.835124
335366.500000	8522.690000	0.105000	2.512000	15.597994	0.681793	0.917687	4.496773	5.679451	1.906518	0.000010	0.000000	0.057690	45.000000	4.268140
330795.700000	8625.570000	0.096000	2.449000	16.972872	0.395162	1.466212	5.028603	2.921309	3.274926	0.000001	0.003793	0.001201	56.000000	4.063359
324461.100000	12021.300000	0.071000	1.967000	23.807654	-0.143929	2.052259	5.711844	-0.699609	5.739939	0.000000	0.484800	0.000000	33.000000	3.459495
333249.020000	19193.730000	0.096000	2.911000	14.854768	-0.075274	2.647813	3.664187	-0.487082	7.327619	0.000301	0.626612	0.000000	35.000000	3.854747
330905.380000	16199.040000	0.120000	3.294000	18.929993	-0.290566	2.805010	4.907825	-1.923334	7.640208	0.000002	0.055534	0.000000	36.000000	4.119485
338740.710000	9995.650000	0.098000	2.434000	17.301555	0.544422	1.118356	5.043266	4.602605	2.595481	0.000001	0.000007	0.009985	58.000000	4.139030
345541.900000	-607.560000	0.074000	2.536000	20.216390	1.694664	-1.477339	8.027107	10.258920	-3.185589	0.000000	0.000000	0.001622	37.000000	4.316342
348908.690000	-5077.510000	0.088000	2.275000	14.617065	1.646504	-0.692996	9.746674	12.536970	-1.658934	0.000000	0.000000	0.098340	53.000000	4.339103
343120.930000	5902.890000	0.101000	2.039000	24.950583	1.142269	-0.785668	6.578743	9.047661	-1.761393	0.000000	0.000000	0.079352	49.000000	4.063429
377836.690000	-36378.580000	0.136000	2.519000	48.345296	1.984205	-4.843169	7.414318	5.655592	-3.988318	0.000000	0.000000	0.000087	1070.000000	6.730003
356153.100000	-24448.150000	0.137000	2.635000	0.139131	0.767839	4.077723	0.090256	9.615910	10.470010	0.928154	0.000000	0.000000	547.000000	6.120038
363934.490000	-23252.200000	0.130000	2.921000	0.854178	1.768939	0.941694	0.402444	14.480268	2.132175	0.687690	0.000000	0.033933	660.000000	6.219809
362715.030000	-62961.030000	0.101000	3.467000	-4.044140	0.750820	2.974784	-0.108577	1.513922	0.552182	0.913622	0.131265	0.581300	175.000000	5.169419
355515.390000	-15862.170000	0.137000	2.571000	20.787217	1.343249	-0.157877	14.453052	17.941766	-0.456878	0.000000	0.000000	0.648141	594.000000	6.143466
350331.740000	2259.590000	0.115000	2.796000	16.029843	1.459785	-0.633532	5.608275	7.402768	-1.188767	0.000000	0.000000	0.235620	189.000000	5.291458
390869.170000	-52824.710000	0.123000	2.875000	33.609142	0.468330	-0.697263	7.177152	1.311894	-0.681604	0.000000	0.190718	0.496099	121.000000	4.783111
391663.460000	-13955.690000	0.102000	2.183000	31.827778	-1.864826	5.551586	5.440549	-5.013952	7.012196	0.000000	0.000001	0.000000	125.000000	4.727105
381676.420000	-24737.890000	0.124000	2.416000	22.991819	-0.839168	4.173888	6.651677	-3.862690	5.526684	0.000000	0.000142	0.000000	175.000000	4.997443
396227.770000	-39792.020000	0.099000	2.541000	19.925077	0.138485	1.984694	3.775524	0.820709	2.796024	0.000198	0.412567	0.005561	85.000000	4.309166
365535.400000	-28214.230000	0.149000	2.810000	-14.797879	1.595282	3.367116	-5.601069	7.022238	4.145451	0.000000	0.000000	0.000046	200.000000	5.644974
358761.780000	-6929.680000	0.145000	2.711000	16.649046	2.043614	-2.106167	7.613528	10.139925	-3.502693	0.000000	0.000000	0.000542	389.000000	5.848183
376070.010000	-56303.590000	0.110000	2.772000	92.585288	1.821912	-9.413354	10.256110	4.093603	-5.358643	0.000000	0.000057	0.000000	381.000000	5.821367
353788.690000	-7340.620000	0.136000	2.628000	14.721740	1.393254	-0.044472	10.380233	9.724012	-0.098954	0.000000	0.000000	0.921252	173.000000	5.619156
371670.710000	-21543.620000	0.117000	2.925000	20.573423	2.086826	-2.941659	6.239062	10.911767	-4.131911	0.000000	0.000000	0.000049	206.000000	5.569399
367522.640000	-7189.910000	0.159000	2.372000	21.551997	1.373802	-1.632007	9.010932	5.232455	-2.029039	0.000000	0.000000	0.043477	142.000000	5.053418
361892.770000	-18166.000000	0.109000	2.281000	20.211996	1.752431	-1.356149	9.660875	17.819509	-3.627107	0.000000	0.000000	0.000345	148.000000	4.844253
366450.660000	-74634.650000	0.097000	3.160000	-7.775817	0.729838	3.398747	-0.203738	0.568758	2.062254	0.838718	0.570013	0.040181	141.000000	4.950780
355381.880000	-79216.890000	0.071000	2.477000	7.662844	0.146888	3.755128	0.034116	0.017365	0.731433	0.972811	0.986159	0.465176	106.000000	4.663031
353694.670000	-32885.230000	0.146000	2.633000	-21.641986	0.460316	7.192541	-11.338176	4.820239	15.468883	0.000000	0.000002	0.000000	116.000000	5.244824
378726.250000	-28678.900000	0.135000	2.445000	42.865412	0.661344	-1.742706	8.140566	2.949150	-1.697291	0.000000	0.003478	0.090843	84.000000	5.661111
365246.770000	-57670.240000	0.113000	2.529000	119.251798	2.239114	-14.571044	0.593635	0.868827	-0.498828	0.553274	0.385746	0.618324	78.000000	4.567128
389517.130000	-31493.430000	0.077000	2.707000	25.362572	-0.698253	4.035356	9.601911	-2.485723	5.126614	0.000000	0.013560	0.000001	88.000000	4.098103
344415.420000	11511.890000	0.054000	2.317000	17.292531	0.230578	2.083811	5.038271	1.621546	5.814728	0.000001	0.106117	0.000000	31.000000	3.551857
365053.580000	-11168.120000	0.099000	2.316000	14.205435	2.459954	-2.962202	6.595139	12.810357	-5.482400	0.000000	0.000000	0.000000	60.000000	4.141391
387334.510000	-21934.030000	0.116000	3.312000	22.722128	-1.527303	5.853466	7.155220	-7.612246	10.411808	0.000000	0.000000	0.000000	25.000000	3.430807
393097.280000	-22717.200000	0.075000	2.460000	24.749961	-1.066801	4.512407	5.537926	-4.418704	9.451433	0.000000	0.000015	0.000000	57.000000	3.744324
380945.880000	-17224.240000	0.065000	2.451000	27.256641	0.063921	0.902983	8.196396	0.302224	1.317781	0.000000	0.762724	0.188741	17.000000	2.831334
367373.140000	-14712.420000	0.121000	2.205000	15.725891	2.391731	-2.968797	6.078766	16.179156	-5.859886	0.000000	0.000000	0.000000	47.000000	4.207803
374567.120000	-13256.380000	0.135000	2.093000	27.356528	1.817113	-3.550645	8.011231	7.598418	-4.270611	0.000000	0.000000	0.000027	51.000000	3.945703
380862.180000	-12688.750000	0.072000	2.358000	19.774373	-0.305241	2.184790	5.455954	-0.901576	2.291342	0.000000	0.368120	0.022747	11.000000	2.888786
383629.180000	-9335.240000	0.114000	2.559000	17.936690	-1.282832	4.677714	4.615091	-4.132035	6.713525	0.000006	0.000049	0.000000	23.000000	3.439730
394378.410000	-45752.970000	0.102000	3.293000	19.430049	-0.036568	2.436646	4.088116	-0.168217	2.944099	0.000058	0.866544	0.003533	64.000000	4.298092
402514.520000	-43075.490000	0.066000	3.676000	19.063878	0.377832	1.330140	3.089550	2.091712	1.437430	0.002223	0.037438	0.151803	61.000000	3.977266
402518.420000	-36236.310000	0.080000	2.236000	37.726177	0.490287	-0.597984	5.530911	2.767848	-0.700185	0.000000	0.006050	0.484440	37.000000	3.516393
396061.300000	-30927.230000	0.061000	2.462000	25.725856	0.275164	1.116912	4.281474	0.839284	1.456469	0.000026	0.402084	0.146474	22.000000	3.363643
408226.180000	-35513.980000	0.063000	3.462000	51.874828	0.453788	-1.669313	3.274809	1.621784	-0.945115	0.001201	0.106066	0.345481	18.000000	3.169815
403471.420000	-31311.840000	0.073000	2.315000	38.737114	0.231886	-0.094962	3.580162	0.862728	-0.077924	0.000410	0.389085	0.937949	20.000000	3.269662
406033.770000	-29345.020000	0.064000	2.725000	31.405502	0.058441	0.807633	1.785350	0.176133	0.455701	0.075375	0.860327	0.648987	20.000000	2.976837
399386.500000	-22290.570000	0.052000	1.836000	34.003566	-0.497238	2.277691	4.068385	-1.211503	3.367479	0.000063	0.226807	0.000874	18.000000	3.132947
397587.400000	-62378.670000	0.089000	2.747000	31.049116	1.026896	-2.197255	2.554072	1.391515	-1.279360	0.011220	0.165263	0.201915	25.000000	3.387000
391305.580000	-63700.850000	0.084000	2.306000	42.523159	0.878196	-2.897086	3.403340	1.154677	-2.075843	0.000771	0.249287	0.038895	11.000000	2.699979
396203.550000	-57412.210000	0.085000	2.395000	27.443083	1.136286	-1.958032	5.043955	2.604707	-1.886239	0.000001	0.009727	0.060382	23.000000	3.096036
397924.170000	-52596.470000	0.064000	2.727000	23.874060	0.705942	-0.317751	5.744461	2.516206	-0.377985	0.000000	0.012468	0.705751	28.000000	3.135292
382876.060000	-53653.140000	0.085000	2.881000	57.813853	-0.820538	0.951849	11.224695	-1.871576	0.837039	0.000000	0.062392	0.403343	19.000000	3.502056
385919.860000	-61374.500000	0.092000	2.329000	50.836381	1.008218	-3.722715	5.458083	1.757899	-3.501153	0.000000	0.079946	0.000545	26.000000	3.302372
340110.860000	-28521.010000	0.135000	1.360000	-1.152396	0.618068	4.174622	-2.579907	22.750361	37.904375	0.010434	0.000000	0.000000	70.000000	4.859621
342259.810000	-30180.570000	0.100000	2.131000	-1.512368	0.702894	4.000045	-2.969803	23.118416	31.908749	0.003259	0.000000	0.000000	117.000000	5.346675
338829.190000	-32435.830000	0.160000	2.711000	-0.794841	0.447287	4.745974	-1.499839	15.773034	41.430703	0.134874	0.000000	0.000000	256.000000	5.831395
335964.110000	-27144.870000	0.171000	3.599000	0.127249	0.375831	4.796806	0.260745	15.346516	44.570270	0.794496	0.000000	0.000000	429.000000	6.171182
339454.020000	-25208.350000	0.193000	2.557000	-1.584990	0.586409	4.349254	-3.745768	21.064085	38.608551	0.000222	0.000000	0.000000	285.000000	5.542799
342858.930000	-25291.030000	0.087000	3.346000	-1.734770	0.729085	3.942793	-3.531737	22.128487	29.398316	0.000489	0.000000	0.000000	362.000000	6.231385
345601.800000	-25527.730000	0.086000	3.008000	-1.551209	0.773508	3.860452	-2.423183	20.219228	23.936894	0.016071	0.000000	0.000000	452.000000	6.053761
345909.970000	-30691.340000	0.098000	3.720000	-2.564710	0.804045	3.881397	-3.380956	20.804643	22.548489	0.000834	0.000000	0.000000	728.000000	6.621104
338436.090000	-37186.980000	0.133000	2.330000	-4.017399	0.049442	6.604506	-6.272694	1.701122	50.718744	0.000000	0.090120	0.000000	562.000000	6.185392
334457.210000	-35114.840000	0.181000	2.985000	0.763661	-0.083565	6.209934	1.118664	-2.520358	46.610435	0.264320	0.012325	0.000000	354.000000	6.098714
338261.220000	-41722.330000	0.127000	2.910000	-9.650346	-0.366414	8.767563	-11.477121	-13.237155	51.997128	0.000000	0.000000	0.000000	1072.000000	6.475703
329570.750000	-34216.760000	0.192000	2.554000	5.931535	-0.489447	6.450647	5.744618	-11.339786	29.474974	0.000000	0.000000	0.000000	1037.000000	6.339452
334989.230000	-30867.000000	0.189000	3.036000	2.745420	0.222386	4.887411	4.364662	8.313084	39.607012	0.000018	0.000000	0.000000	309.000000	6.081461
331704.610000	-26241.590000	0.174000	4.446000	1.324309	0.089145	5.641225	2.145653	3.419791	42.851394	0.032830	0.000728	0.000000	472.000000	6.267992
328431.530000	-27940.200000	0.196000	3.251000	0.860254	-0.026000	6.011744	1.031449	-0.793740	32.340966	0.303292	0.428074	0.000000	699.000000	6.095827
336081.280000	-23805.640000	0.148000	3.286000	-1.165904	0.365736	5.071212	-2.580907	13.656582	45.467911	0.010405	0.000000	0.000000	449.000000	6.100466
337470.120000	-19925.900000	0.117000	3.652000	-1.372604	0.433196	4.912558	-2.816114	12.126763	35.502806	0.005235	0.000000	0.000000	615.000000	6.333995
342348.740000	-22559.690000	0.087000	3.670000	-1.709770	0.725852	3.979663	-3.407651	19.803602	27.032584	0.000760	0.000000	0.000000	369.000000	6.494788
332725.590000	-19390.990000	0.131000	3.208000	2.923875	0.121989	5.287517	4.997934	3.338164	36.505458	0.000001	0.000967	0.000000	812.000000	6.061884
327487.370000	-22298.200000	0.164000	2.680000	3.701620	-0.003336	5.368120	5.506172	-0.086606	34.383804	0.000000	0.931052	0.000000	904.000000	5.966245
343411.590000	-18219.150000	0.085000	3.634000	1.287159	0.957762	2.961403	1.971204	20.487337	16.500604	0.049765	0.000000	0.000000	1215.000000	6.551319
349055.690000	-20887.100000	0.098000	3.633000	6.650249	0.880111	2.836172	7.538522	17.586109	12.817095	0.000000	0.000000	0.000000	802.000000	6.685341
351097.210000	-27497.530000	0.095000	3.223000	-4.946181	0.642337	4.864404	-4.199495	11.595156	18.277334	0.000037	0.000000	0.000000	983.000000	6.464770
297942.150000	-33105.950000	0.161000	2.886000	24.707516	0.590744	0.199807	14.655549	4.854847	0.379648	0.000000	0.000002	0.704518	639.000000	5.882604
308339.920000	-26657.040000	0.142000	3.353000	0.662971	-0.178260	5.499084	0.647020	-1.735770	12.288353	0.518192	0.083794	0.000000	251.000000	4.995520
322572.210000	-26917.930000	0.205000	2.827000	-0.626310	-0.020516	5.711611	-0.637093	-0.322530	21.212796	0.524627	0.747311	0.000000	160.000000	5.525219
322565.600000	-29522.070000	0.189000	2.841000	-0.399989	-0.046150	5.761103	-0.328366	-0.659144	17.277199	0.742901	0.510389	0.000000	233.000000	5.554395
293318.130000	-17312.060000	0.143000	2.405000	34.192426	0.878109	-2.294329	5.989486	5.547894	-2.219103	0.000000	0.000000	0.027347	166.000000	4.707039
315646.550000	-31303.340000	0.189000	2.625000	-4.645511	-0.450239	7.333837	-3.497475	-4.117734	15.546177	0.000553	0.000051	0.000000	259.000000	5.273959
304719.130000	-27487.570000	0.146000	3.497000	5.774654	0.081130	3.913078	5.205486	0.821988	8.997025	0.000000	0.411840	0.000000	151.000000	5.039887
321954.360000	-32546.000000	0.182000	3.286000	0.339243	-0.295184	6.297448	0.232108	-3.463161	15.444116	0.816637	0.000624	0.000000	270.000000	5.389214
311343.050000	-41967.000000	0.169000	2.770000	-9.174635	0.712914	5.371134	-7.719505	5.922404	11.973584	0.000000	0.000000	0.000000	474.000000	5.795392
318030.710000	-27812.930000	0.206000	2.888000	-2.063798	-0.332152	6.566046	-1.900209	-3.480297	17.175753	0.058516	0.000588	0.000000	139.000000	5.181648
315373.570000	-24947.110000	0.190000	2.639000	-2.304085	-0.488941	6.986375	-2.513258	-5.466668	19.954157	0.012570	0.000000	0.000000	213.000000	5.258285
308034.740000	-32419.400000	0.198000	2.613000	-7.726809	-0.671620	8.550113	-5.550159	-5.760461	15.795208	0.000000	0.000000	0.000000	195.000000	5.265260
314330.790000	-21499.590000	0.165000	3.143000	0.986883	-0.371810	6.104677	1.142257	-4.639873	20.697574	0.254402	0.000006	0.000000	195.000000	5.098913
313503.880000	-27427.640000	0.219000	2.867000	-4.797212	-0.615568	7.788321	-4.579221	-6.035390	17.951749	0.000007	0.000000	0.000000	114.000000	4.972897
311593.950000	-29691.660000	0.204000	3.061000	-6.528258	-0.682671	8.297178	-5.452437	-6.243558	16.935198	0.000000	0.000000	0.000000	89.000000	4.875759
320162.130000	-24446.090000	0.166000	3.039000	0.299915	-0.309095	6.166357	0.336478	-4.009384	22.668523	0.736783	0.000080	0.000000	95.000000	5.276805
321749.080000	-23511.000000	0.174000	3.331000	1.482427	-0.254130	5.919548	1.760550	-3.694872	25.144083	0.079495	0.000268	0.000000	116.000000	5.330985
302066.120000	-24471.580000	0.129000	3.503000	13.466659	0.429465	1.619413	10.321540	4.813517	4.132414	0.000000	0.000003	0.000049	82.000000	4.861027
324399.730000	-35058.090000	0.177000	3.068000	1.794082	-0.756779	7.580182	1.233687	-10.677029	20.791952	0.218438	0.000000	0.000000	109.000000	5.575938
310172.990000	-22574.960000	0.137000	3.306000	1.732843	-0.277950	5.672993	1.886457	-3.016041	14.936429	0.060352	0.002816	0.000000	96.000000	4.991489
318769.500000	-18902.570000	0.169000	3.607000	6.996431	-0.423655	5.315988	7.431075	-5.403193	23.543388	0.000000	0.000000	0.000000	140.000000	4.970260
318576.810000	-21935.030000	0.153000	2.770000	2.141737	-0.402276	6.032245	2.464146	-5.196018	23.954059	0.014384	0.000000	0.000000	156.000000	5.245627
306334.750000	-22731.840000	0.096000	3.789000	7.547730	0.221317	3.153451	7.341999	2.352567	7.964366	0.000000	0.019393	0.000000	125.000000	4.716602
311907.210000	-35905.870000	0.202000	2.412000	-13.589998	-0.579253	9.452267	-9.028956	-4.681946	17.435488	0.000000	0.000005	0.000000	176.000000	5.309928
316724.950000	-35492.330000	0.165000	2.842000	-5.455769	-0.393048	7.381211	-3.527586	-3.517558	15.549563	0.000496	0.000514	0.000000	89.000000	5.363967
298239.300000	-24996.760000	0.127000	3.141000	26.803365	0.593233	-0.677944	14.577270	6.751766	-1.608924	0.000000	0.000000	0.108851	63.000000	4.589427
300046.480000	-21453.270000	0.138000	2.296000	17.257712	0.496681	0.862541	8.923935	5.642218	2.025615	0.000000	0.000000	0.043830	72.000000	4.384486
303145.800000	-20159.370000	0.080000	3.084000	13.516588	0.391780	1.763529	9.340407	4.319767	4.494280	0.000000	0.000022	0.000011	40.000000	4.053105
292145.090000	-22376.410000	0.143000	1.943000	56.793459	1.157199	-6.411804	11.598559	9.211768	-7.829895	0.000000	0.000000	0.000000	22.000000	3.958099
289344.080000	-25302.150000	0.133000	2.325000	71.878859	1.391652	-9.237620	13.883162	8.065427	-10.764570	0.000000	0.000000	0.000000	37.000000	3.557859
281144.540000	-26368.400000	0.099000	3.360000	81.345321	0.960049	-9.581215	3.557303	1.189996	-2.000708	0.000445	0.235138	0.046467	4.000000	1.697736
276385.400000	-15692.770000	0.092000	2.990000	11.446599	-1.203141	5.380391	0.317146	-0.615079	0.618852	0.751388	0.539043	0.536558	18.000000	2.836086
333949.360000	-49547.840000	0.127000	2.931000	-12.162293	-0.399179	8.922553	-8.357724	-8.741727	27.568712	0.000000	0.000000	0.000000	449.000000	6.207947
328639.250000	-51354.280000	0.148000	2.875000	-2.819450	-0.186270	6.779753	-1.693086	-2.985141	16.317393	0.091642	0.003106	0.000000	350.000000	5.826949
328766.370000	-54568.850000	0.128000	3.508000	2.101553	0.087523	5.149762	0.956015	1.247571	9.816426	0.339956	0.213315	0.000000	145.000000	5.725790
332223.730000	-57396.730000	0.120000	4.385000	-3.839735	0.014029	6.215459	-1.408396	0.178587	9.865560	0.160213	0.858402	0.000000	329.000000	5.816209
327365.260000	-57784.040000	0.129000	3.907000	7.350795	0.379916	3.381558	2.813528	4.544331	5.279265	0.005276	0.000008	0.000000	448.000000	5.814144
325148.150000	-54327.480000	0.151000	3.083000	12.099205	0.402765	2.646977	5.456649	5.007527	4.702656	0.000000	0.000001	0.000004	295.000000	5.715680
328631.890000	-61735.250000	0.163000	2.883000	-2.923404	0.163167	5.559783	-1.038211	1.750789	7.841274	0.300140	0.081166	0.000000	263.000000	5.553678
329641.620000	-66529.750000	0.174000	2.655000	-17.987448	-0.198822	8.984143	-5.998587	-1.820199	11.489008	0.000000	0.069883	0.000000	204.000000	5.326453
327916.010000	-45847.580000	0.179000	2.325000	-7.828504	-0.470396	8.458725	-6.772921	-8.955589	27.460262	0.000000	0.000000	0.000000	376.000000	5.963751
321117.240000	-60823.260000	0.173000	2.510000	8.741970	0.481453	2.824062	5.016252	6.062112	5.995248	0.000001	0.000000	0.000000	290.000000	5.544869
325433.510000	-61656.410000	0.167000	2.528000	1.565565	0.310781	4.429759	0.696515	3.825786	7.661098	0.486731	0.000163	0.000000	294.000000	5.476861
320495.280000	-52701.220000	0.166000	2.899000	15.814722	0.428288	1.948605	8.937085	4.642298	3.826068	0.000000	0.000005	0.000163	361.000000	5.815455
320831.130000	-45866.470000	0.194000	2.207000	-4.812961	-0.721800	8.498453	-3.316879	-8.729997	20.316044	0.001041	0.000000	0.000000	432.000000	5.971725
316915.150000	-53631.620000	0.135000	3.125000	16.790957	0.420602	1.774979	10.871635	4.187155	3.886250	0.000000	0.000039	0.000129	156.000000	5.356141
323595.310000	-65306.250000	0.174000	2.389000	-3.576756	0.128356	5.738435	-1.943347	1.500536	11.383464	0.053058	0.134694	0.000000	153.000000	5.422723
318116.790000	-58966.350000	0.137000	3.118000	14.130619	0.487814	1.982078	9.091409	5.558564	4.568440	0.000000	0.000000	0.000008	186.000000	5.438976
339293.110000	-47659.810000	0.090000	4.943000	-17.270849	-0.557958	10.331610	-8.768060	-12.186755	27.078655	0.000000	0.000000	0.000000	446.000000	6.019246
334055.070000	-44545.180000	0.118000	4.169000	-12.222577	-0.528281	9.525340	-14.017317	-15.785400	46.969436	0.000000	0.000000	0.000000	248.000000	5.880671
331453.950000	-41443.100000	0.194000	3.265000	-8.690160	-0.554683	9.079083	-11.472844	-15.171238	47.702550	0.000000	0.000000	0.000000	260.000000	5.582154
327954.560000	-39544.670000	0.165000	3.575000	-4.653832	-0.672346	8.645716	-4.381734	-13.879288	33.022848	0.000017	0.000000	0.000000	236.000000	5.474197
321981.740000	-36838.070000	0.206000	3.078000	-1.424371	-0.667818	7.674684	-0.925952	-8.123665	19.158871	0.355333	0.000000	0.000000	175.000000	5.325720
324590.430000	-40337.230000	0.173000	2.771000	-4.780220	-0.664921	8.418668	-3.364795	-10.951255	24.064271	0.000882	0.000000	0.000000	192.000000	5.749195
317357.310000	-39249.390000	0.214000	2.883000	-10.148336	-0.735345	9.320355	-6.512848	-7.058004	20.874081	0.000000	0.000000	0.000000	118.000000	5.028612
333435.390000	-77430.790000	0.127000	3.698000	-2.354072	2.537066	-2.501649	-1.000076	15.670417	-3.214082	0.318207	0.000000	0.001475	735.000000	6.581452
302126.020000	-67286.130000	0.132000	3.115000	-8.927663	2.698276	-1.406492	-3.935892	13.131379	-1.895350	0.000107	0.000000	0.059159	346.000000	5.820187
321943.140000	-68916.220000	0.206000	2.508000	-4.913754	-0.212061	6.827247	-2.591971	-1.745341	12.389670	0.010085	0.082111	0.000000	247.000000	5.283165
314598.500000	-64965.340000	0.161000	2.599000	11.174121	0.188179	3.341271	8.831129	1.671330	8.304455	0.000000	0.095864	0.000000	463.000000	5.629381
310206.190000	-67759.020000	0.159000	3.118000	15.609190	0.266534	2.435927	9.683314	2.019536	5.658950	0.000000	0.044461	0.000000	279.000000	5.748841
326961.410000	-72189.140000	0.181000	3.157000	-17.576003	0.276932	7.405791	-7.898998	2.284766	10.951404	0.000000	0.023136	0.000000	93.000000	5.098810
306522.230000	-44854.320000	0.148000	3.152000	10.202952	2.484480	-2.853301	6.132584	18.927399	-5.481343	0.000000	0.000000	0.000000	686.000000	6.487816
332009.570000	-86587.480000	0.080000	3.004000	-1.904353	2.928441	-3.989467	-0.356985	7.775076	-4.816129	0.721394	0.000000	0.000002	105.000000	4.655222
291250.630000	-62212.960000	0.161000	2.481000	2.664626	0.539907	3.257219	0.581376	1.632979	4.088889	0.561493	0.103689	0.000058	200.000000	5.025732
302274.840000	-54583.900000	0.152000	2.443000	5.947657	1.539643	0.191868	2.704686	8.050105	0.386053	0.007290	0.000000	0.699775	209.000000	4.857259
313999.380000	-53197.400000	0.139000	2.977000	15.996265	0.506044	1.629322	10.283170	4.561091	3.732900	0.000000	0.000008	0.000233	265.000000	5.359297
299312.820000	-60819.660000	0.174000	2.759000	-6.592730	1.358908	2.301717	-3.158691	7.359297	3.841149	0.001773	0.000000	0.000154	88.000000	4.903809
308373.060000	-57401.820000	0.146000	2.645000	10.175684	0.754987	1.661566	5.161523	4.876433	3.852679	0.000000	0.000002	0.000147	121.000000	5.144156
309678.630000	-51875.490000	0.152000	2.678000	14.038725	1.429846	-0.636493	6.764753	10.805233	-1.286601	0.000000	0.000000	0.199382	140.000000	5.326521
311833.720000	-57007.520000	0.100000	2.315000	15.251924	0.435428	1.893917	9.030864	3.627090	4.854773	0.000000	0.000345	0.000002	104.000000	4.427125
327926.880000	-75230.850000	0.173000	2.713000	-9.863560	1.435904	2.391753	-4.839220	10.538801	3.393417	0.000002	0.000000	0.000798	41.000000	4.580964
307926.730000	-64266.210000	0.104000	2.539000	13.397607	0.746946	1.310840	7.822968	5.240237	3.226477	0.000000	0.000000	0.001415	64.000000	4.600689
299390.820000	-71196.860000	0.165000	2.696000	-18.128738	2.981353	-1.054165	-4.803582	8.242270	-0.708552	0.000003	0.000000	0.479240	49.000000	3.992320
295866.340000	-72353.520000	0.173000	2.788000	-33.115639	1.451265	5.644847	-6.874724	3.059974	2.900062	0.000000	0.002446	0.004051	44.000000	3.961968
299578.370000	-47629.990000	0.080000	2.322000	13.764573	2.708185	-4.111242	4.611376	15.298158	-8.574169	0.000006	0.000000	0.000000	35.000000	3.278330
293314.450000	-52457.680000	0.110000	1.999000	15.464229	1.881126	-2.356288	3.144038	4.167630	-3.229002	0.001860	0.000042	0.001403	6.000000	3.105148
299215.090000	-41823.070000	0.140000	2.602000	24.159268	3.234669	-7.320585	8.340355	18.494257	-10.881980	0.000000	0.000000	0.000000	32.000000	4.478323
288944.870000	-47144.310000	0.103000	1.870000	20.646759	-0.010543	0.885519	1.290020	-0.012841	0.811668	0.198194	0.989765	0.417728	28.000000	2.992420
290541.990000	-38708.260000	0.130000	2.608000	73.938165	1.517385	-10.059880	12.635891	2.842053	-8.505707	0.000000	0.004839	0.000000	10.000000	3.509421
285964.140000	-39392.460000	0.117000	2.132000	113.989850	-2.450424	-5.396695	9.545827	-3.208299	-4.535114	0.000000	0.001503	0.000009	12.000000	2.715813
